{"cameraMode":{"drawMode":0,"name":"Shaded","section":"Shading Mode"},"sceneLighting":false,"audioPlay":false,"sceneViewState":{"m_AlwaysRefresh":false,"showFog":true,"showSkybox":false,"showFlares":true,"showImageEffects":true,"showParticleSystems":true,"showVisualEffectGraphs":true,"m_FxEnabled":true},"in2DMode":false,"pivot":{"x":-0.04700537398457527,"y":-0.002947775414213538,"z":-0.05252579227089882},"rotation":{"x":-0.02048344723880291,"y":-0.9795787930488586,"z":0.13785092532634736,"w":-0.14531642198562623},"size":0.2828427255153656,"orthographic":false}